first_name,last_name,gender,qualification,occupation,address,email_id
Gauri,Powar,Female,B.E IT,Software Developer,"213, Cietel Tower, Powai, Mumbai",gpt@xyz.com
Girish,Hegde,Male,B.Sc,Pharmacist,"312, Guru Prasad, Andheri, Mumbai-56",acv.rew@abc.com
Pooja,Shah,Female,Phd,Doctor,"213, Cietel Tower, Powai, Mumbai",wqe@ert.com
Rohini,Singh,Female,BE Comps,Software Developer,Mahant Road,qwrt.ret@wer.com
Gauri,Powar,Female,B.E IT,Software Developer,"213, Cietel Tower, Powai, Mumbai",rte@xt.com
Gautami,Nadkarni,Female,MS,Application Developer,"345, Shah Appartments, Malad",gng@gng.com
Rahul,Sigh,Male,LLB,Lawyer,"345, Shah Appartments, Malad",rhs@rte.com
Navin,Shah,Male,Phd,Doctor,Prasad Apparments,ter@ter.com
Om,Kumar,Male,BE Comps,Software Developer,"312, WTC, Kharadi, Pune",ta_me@gmail.com
SaiSarvesh,Rajan,Male,Phd,Doctor,"Rasberry Garden, Row House No. 4",tazarb@gmail.in
SaiSarvesh,Rajan,Male,Phd,Doctor,"Rasberry Garden, Row House No. 5",acb@rt.in
SaiSarvesh,Rajan,Male,Phd,Doctor,"Rasberry Garden, Row House No. 6",rew@tr.in
SaiSarvesh,Rajan,Male,Phd,Doctor,"Rasberry Garden, Row House No. 7",qwerty@gm.in
SaiSarvesh,Rajan,Male,Phd,Doctor,"Rasberry Garden, Row House No. 8",12erw@ert.com
SaiSarvesh,Rajan,Male,Phd,Doctor,"Rasberry Garden, Row House No. 9",wer_45@ert.in
SaiSarvesh,Rajan,Male,Phd,Doctor,"Rasberry Garden, Row House No. 10",sunny@gm.in
Gauri,Powar,Female,B.E IT,Software Developer,"213, Cietel Tower, Powai, Mumbai",ertwe@in.in
Gauri,Powar,Female,B.E IT,Software Developer,"214, Cietel Tower, Powai, Mumbai",rswe@rt.in
Gauri,Powar,Female,B.E IT,Software Developer,"215, Cietel Tower, Powai, Mumbai",34fgg@ter.in
Gauri,Powar,Female,B.E IT,Software Developer,"216, Cietel Tower, Powai, Mumbai",er@er.in
